{
    "mongoURL": "mongodb://admin:ctli%40123@65.151.188.204:27017?authSource=admin&readPreference=primary&appname=MongoDB%20Compass&directConnection=true&ssl=false",
    "loadCollection": { 
            "facility_users": "facility_users",
            "ticket_problem_type": "ticket_problem_type",
            "ticket_status": "ticket_status",
            "location_floor": "location_floor",
            "location": "location",
            "ticket_services": "ticket_services",
            "facility_tickets": "facility_tickets" 
        },
    "targetDB": "lumen_facility"
}